timestamp_before,timestamp_after,accel_x,accel_y,accel_z,gyro_x,gyro_y,gryo_z
1494552176.0262620449,1494552176.0285670757, -1.1086, -0.0210, -0.2708, -5.4932, -1.0834, -4.6234
1494552176.0286509991,1494552176.0309329033, -1.1086, -0.0210, -0.2708, -5.4932, -1.0834, -4.6234
1494552176.0310039520,1494552176.0332930088, -1.1086, -0.0210, -0.2708, -5.4932, -1.0834, -4.6234
1494552176.0333609581,1494552176.0356431007, -1.1086, -0.0210, -0.2708, -5.4932, -1.0834, -4.6234
1494552176.0357120037,1494552176.0379970074, -1.1086, -0.0210, -0.2708, -6.0272, -1.6479, -5.1880
1494552176.0380659103,1494552176.0403909683, -1.1086, -0.0210, -0.2708, -6.0272, -1.6479, -5.1880
1494552176.0404610634,1494552176.0427401066, -1.1086, -0.0210, -0.2708, -6.0272, -1.6479, -5.1880
1494552176.0428099632,1494552176.0450930595, -1.1086, -0.0210, -0.2708, -6.0272, -1.6479, -5.1880
1494552176.0451610088,1494552176.0474369526, -1.1086, -0.0139, -0.2947, -6.0272, -1.6479, -5.1880
1494552176.0475049019,1494552176.0505349636, -1.1228, -0.0139, -0.2947, -5.9052, -1.7548, -4.5166
1494552176.0506100655,1494552176.0529079437, -1.1228, -0.0139, -0.2947, -5.9052, -1.7548, -4.5166
1494552176.0529780388,1494552176.0552599430, -1.1228, -0.0139, -0.2947, -5.9052, -1.7548, -4.5166
1494552176.0553290844,1494552176.0576190948, -1.1228, -0.0139, -0.2947, -5.9052, -1.7548, -4.5166
1494552176.0576879978,1494552176.0601890087, -1.1228, -0.0139, -0.2947, -5.9357, -1.7395, -4.6844
1494552176.0602591038,1494552176.0625429153, -1.1228, -0.0139, -0.2947, -5.9357, -1.7395, -4.6844
1494552176.0626111031,1494552176.0649020672, -1.1228, -0.0139, -0.2947, -5.9357, -1.7395, -4.6844
1494552176.0649719238,1494552176.0672550201, -1.1228, -0.0220, -0.2791, -5.9357, -1.7395, -4.6844
1494552176.0673239231,1494552176.0698831081, -1.1157, -0.0220, -0.2791, -6.4392, -1.7548, -4.5471
1494552176.0699529648,1494552176.0723280907, -1.1157, -0.0220, -0.2791, -6.4392, -1.7548, -4.5471
1494552176.0723969936,1494552176.0748879910, -1.1157, -0.0220, -0.2791, -6.4392, -1.7548, -4.5471
1494552176.0749580860,1494552176.0773379803, -1.1157, -0.0220, -0.2791, -6.4392, -1.7548, -4.5471
1494552176.0774068832,1494552176.0803899765, -1.1157, -0.0220, -0.2791, -6.0425, -1.6327, -4.8065
1494552176.0804619789,1494552176.0828690529, -1.1157, -0.0220, -0.2791, -6.0425, -1.6327, -4.8065
1494552176.0829389095,1494552176.0853550434, -1.1157, -0.0220, -0.2791, -6.0425, -1.6327, -4.8065
1494552176.0854239464,1494552176.0878310204, -1.1260, -0.0164, -0.2759, -6.0425, -1.6327, -4.8065
1494552176.0879011154,1494552176.0903260708, -1.1260, -0.0164, -0.2759, -6.0425, -1.6327, -4.8370
1494552176.0903949738,1494552176.0928061008, -1.1260, -0.0164, -0.2759, -6.2256, -1.3123, -4.8370
1494552176.0928759575,1494552176.0952820778, -1.1260, -0.0164, -0.2759, -6.2256, -1.3123, -4.8370
1494552176.0953519344,1494552176.0977621078, -1.1260, -0.0164, -0.2759, -6.2256, -1.3123, -4.8370
1494552176.0978310108,1494552176.1002941132, -1.1260, -0.0164, -0.2759, -6.2256, -1.3123, -4.8370
1494552176.1003639698,1494552176.1027679443, -1.1260, -0.0164, -0.2759, -5.9204, -1.5564, -5.0354
1494552176.1028380394,1494552176.1052429676, -1.1260, -0.0164, -0.2759, -5.9204, -1.5564, -5.0354
1494552176.1053121090,1494552176.1077189445, -1.0635, -0.0239, -0.2747, -5.9204, -1.5564, -5.0354
1494552176.1077890396,1494552176.1101069450, -1.1218, -0.0239, -0.2747, -5.9204, -1.5564, -5.0354
1494552176.1101760864,1494552176.1124560833, -1.1218, -0.0239, -0.2747, -6.0425, -1.5106, -5.0354
1494552176.1125259399,1494552176.1148068905, -1.1218, -0.0239, -0.2747, -6.0425, -1.5106, -5.0354
1494552176.1148769855,1494552176.1171660423, -1.1218, -0.0239, -0.2747, -6.0425, -1.5106, -5.0354
1494552176.1172349453,1494552176.1195249557, -1.1218, -0.0239, -0.2747, -6.0425, -1.5106, -5.0354
1494552176.1195940971,1494552176.1218800545, -1.1218, -0.0239, -0.2747, -6.0425, -1.5106, -4.8523
1494552176.1219480038,1494552176.1242361069, -1.1218, -0.0239, -0.2747, -5.5389, -1.5106, -4.8523
1494552176.1243040562,1494552176.1265890598, -1.1218, -0.0239, -0.2747, -5.5389, -1.5106, -4.8523
1494552176.1266570091,1494552176.1290690899, -1.1208, -0.0222, -0.2881, -5.5389, -1.5106, -4.8523
1494552176.1292819977,1494552176.1315770149, -1.1208, -0.0222, -0.2881, -5.5389, -1.5106, -4.8523
1494552176.1316471100,1494552176.1339399815, -1.1208, -0.0222, -0.2881, -5.7373, -1.7395, -4.9286
1494552176.1340100765,1494552176.1363000870, -1.1208, -0.0222, -0.2881, -5.7373, -1.7395, -4.9286
1494552176.1363689899,1494552176.1388440132, -1.1208, -0.0222, -0.2881, -5.7373, -1.7395, -4.9286
1494552176.1389129162,1494552176.1413159370, -1.1208, -0.0222, -0.2881, -5.7373, -1.7395, -4.9286
1494552176.1413838863,1494552176.1437931061, -1.1208, -0.0222, -0.2881, -5.7373, -2.1667, -5.0507
1494552176.1438620090,1494552176.1462669373, -1.1208, -0.0222, -0.2881, -5.7373, -2.1667, -5.0507
1494552176.1463360786,1494552176.1487588882, -1.1216, -0.0181, -0.2756, -5.7373, -2.1667, -5.0507
1494552176.1488289833,1494552176.1512339115, -1.1216, -0.0181, -0.2756, -5.7373, -2.1667, -5.0507
1494552176.1513030529,1494552176.1537089348, -1.1216, -0.0181, -0.2756, -5.7373, -2.1667, -4.8065
1494552176.1537780762,1494552176.1561899185, -1.1216, -0.0181, -0.2756, -5.8746, -1.9684, -4.8065
1494552176.1562581062,1494552176.1588420868, -1.1216, -0.0181, -0.2756, -5.8746, -1.9684, -4.8065
1494552176.1589119434,1494552176.1611979008, -1.1216, -0.0181, -0.2756, -5.8746, -1.9684, -4.8065
1494552176.1612670422,1494552176.1635460854, -1.1216, -0.0181, -0.2756, -5.8746, -1.9684, -4.8065
1494552176.1636149883,1494552176.1660580635, -1.1216, -0.0181, -0.2756, -5.9357, -1.8463, -5.0812
1494552176.1661291122,1494552176.1686570644, -1.1221, -0.0188, -0.3037, -5.9357, -1.8463, -5.0812
1494552176.1687269211,1494552176.1711349487, -1.1221, -0.0188, -0.3037, -5.9357, -1.8463, -5.0812
1494552176.1712040901,1494552176.1736199856, -1.1221, -0.0188, -0.3037, -5.9357, -1.8463, -5.0812
1494552176.1736888885,1494552176.1760931015, -1.1221, -0.0188, -0.3037, -5.7526, -1.7853, -4.9438
1494552176.1761620045,1494552176.1785778999, -1.1221, -0.0188, -0.3037, -5.7526, -1.7853, -4.9438
1494552176.1786470413,1494552176.1810600758, -1.1221, -0.0188, -0.3037, -5.7526, -1.7853, -4.9438
1494552176.1811299324,1494552176.1835370064, -1.1221, -0.0188, -0.3037, -5.7526, -1.7853, -4.9438
1494552176.1836071014,1494552176.1860189438, -1.1221, -0.0188, -0.3037, -5.2795, -1.5106, -5.3101
1494552176.1860890388,1494552176.1885180473, -1.1123, -0.0203, -0.2820, -5.2795, -1.5106, -5.3101
1494552176.1885879040,1494552176.1909940243, -1.1123, -0.0203, -0.2820, -5.2795, -1.5106, -5.3101
1494552176.1910629272,1494552176.1934719086, -1.1123, -0.0203, -0.2820, -5.2795, -1.5106, -5.3101
1494552176.1935410500,1494552176.1959519386, -1.1123, -0.0203, -0.2820, -5.2795, -1.5106, -5.0354
1494552176.1960220337,1494552176.1984651089, -1.1123, -0.0203, -0.2820, -5.1117, -1.7395, -5.0354
1494552176.1985349655,1494552176.2008249760, -1.1123, -0.0203, -0.2820, -5.1117, -1.7395, -5.0354
1494552176.2008941174,1494552176.2031769753, -1.1123, -0.0203, -0.2820, -5.1117, -1.7395, -5.0354
1494552176.2032470703,1494552176.2055280209, -1.1123, -0.0203, -0.2820, -5.1117, -1.7395, -5.0354
1494552176.2055969238,1494552176.2078809738, -1.1194, -0.0237, -0.2825, -5.1422, -1.8463, -4.6997
1494552176.2079489231,1494552176.2103159428, -1.1194, -0.0237, -0.2825, -5.1422, -1.8463, -4.6997
1494552176.2103850842,1494552176.2126679420, -1.1194, -0.0237, -0.2825, -5.1422, -1.8463, -4.6997
1494552176.2127370834,1494552176.2150158882, -1.1194, -0.0237, -0.2825, -5.1422, -1.8463, -4.6997
1494552176.2150840759,1494552176.2173650265, -1.1194, -0.0237, -0.2825, -5.1422, -1.7700, -4.6539
1494552176.2174339294,1494552176.2198541164, -1.1194, -0.0237, -0.2825, -5.6763, -1.7700, -4.6539
1494552176.2199239731,1494552176.2222070694, -1.1194, -0.0237, -0.2825, -5.6763, -1.7700, -4.6539
1494552176.2222759724,1494552176.2245628834, -1.1194, -0.0237, -0.2825, -5.6763, -1.7700, -4.6539
1494552176.2246310711,1494552176.2269139290, -1.1194, -0.0237, -0.2825, -5.6763, -1.7700, -4.6539
1494552176.2269840240,1494552176.2294239998, -1.1250, -0.0188, -0.2844, -5.4169, -1.5717, -5.1117
1494552176.2296080589,1494552176.2319788933, -1.1250, -0.0188, -0.2844, -5.4169, -1.5717, -5.1117
1494552176.2320489883,1494552176.2348279953, -1.1250, -0.0188, -0.2844, -5.4169, -1.5717, -5.1117
1494552176.2348990440,1494552176.2373039722, -1.1250, -0.0188, -0.2844, -5.4169, -1.5717, -5.1117
1494552176.2373731136,1494552176.2397820950, -1.1250, -0.0188, -0.2844, -5.6763, -1.6632, -4.7607
1494552176.2398519516,1494552176.2422549725, -1.1250, -0.0188, -0.2844, -5.6763, -1.6632, -4.7607
1494552176.2423241138,1494552176.2447390556, -1.1250, -0.0188, -0.2844, -5.6763, -1.6632, -4.7607
1494552176.2448079586,1494552176.2472200394, -1.1250, -0.0188, -0.2947, -5.6763, -1.6632, -4.7607
1494552176.2472898960,1494552176.2497100830, -1.1194, -0.0212, -0.2947, -5.7678, -1.6632, -5.0964
1494552176.2497789860,1494552176.2521870136, -1.1194, -0.0212, -0.2947, -5.7678, -1.6632, -5.0964
1494552176.2522559166,1494552176.2546629906, -1.1194, -0.0212, -0.2947, -5.7678, -1.6632, -5.0964
1494552176.2547318935,1494552176.2571389675, -1.1194, -0.0212, -0.2947, -5.7678, -1.6632, -5.0964
1494552176.2572081089,1494552176.2596099377, -1.1194, -0.0212, -0.2947, -5.7678, -1.4343, -5.0812
1494552176.2596790791,1494552176.2619569302, -1.1194, -0.0212, -0.2947, -6.2866, -1.4343, -5.0812
1494552176.2620260715,1494552176.2643051147, -1.1194, -0.0212, -0.2947, -6.2866, -1.4343, -5.0812
1494552176.2643730640,1494552176.2666530609, -1.1194, -0.0212, -0.2947, -6.2866, -1.4343, -5.0812
1494552176.2667210102,1494552176.2690579891, -1.1196, -0.0261, -0.2808, -6.2866, -1.4343, -5.0812
1494552176.2691268921,1494552176.2714068890, -1.1196, -0.0261, -0.2808, -5.9509, -1.2817, -5.4626
1494552176.2714750767,1494552176.2737460136, -1.1196, -0.0261, -0.2808, -5.9509, -1.2817, -5.4626
1494552176.2738149166,1494552176.2760920525, -1.1196, -0.0261, -0.2808, -5.9509, -1.2817, -5.4626
1494552176.2761600018,1494552176.2784860134, -1.1196, -0.0261, -0.2808, -5.9509, -1.2817, -5.4626
1494552176.2785549164,1494552176.2808370590, -1.1196, -0.0261, -0.2808, -5.9509, -1.9836, -4.9286
1494552176.2809050083,1494552176.2831830978, -1.1196, -0.0261, -0.2808, -5.2490, -1.9836, -4.9286
1494552176.2832510471,1494552176.2855288982, -1.1196, -0.0261, -0.2808, -5.2490, -1.9836, -4.9286
1494552176.2855970860,1494552176.2878739834, -1.1196, -0.0256, -0.2905, -5.2490, -1.9836, -4.9286
1494552176.2879428864,1494552176.2903220654, -1.1155, -0.0256, -0.2905, -5.2490, -1.9836, -4.9286
1494552176.2903909683,1494552176.2926731110, -1.1155, -0.0256, -0.2905, -5.3711, -1.5717, -4.8065
1494552176.2927420139,1494552176.2950229645, -1.1155, -0.0256, -0.2905, -5.3711, -1.5717, -4.8065
1494552176.2950921059,1494552176.2973771095, -1.1155, -0.0256, -0.2905, -5.3711, -1.5717, -4.8065
1494552176.2974460125,1494552176.2999660969, -1.1155, -0.0256, -0.2905, -5.3711, -1.5717, -4.8065
1494552176.3000349998,1494552176.3024389744, -1.1155, -0.0256, -0.2905, -5.2338, -1.4343, -4.5624
1494552176.3025090694,1494552176.3049180508, -1.1155, -0.0256, -0.2905, -5.2338, -1.4343, -4.5624
1494552176.3049869537,1494552176.3073849678, -1.1155, -0.0256, -0.2886, -5.2338, -1.4343, -4.5624
1494552176.3074560165,1494552176.3097960949, -1.1233, -0.0234, -0.2886, -5.2338, -1.4343, -4.5624
1494552176.3098659515,1494552176.3121449947, -1.1233, -0.0234, -0.2886, -5.2338, -1.4343, -4.1962
1494552176.3122138977,1494552176.3144979477, -1.1233, -0.0234, -0.2886, -5.2795, -1.6022, -4.1962
1494552176.3145670891,1494552176.3168480396, -1.1233, -0.0234, -0.2886, -5.2795, -1.6022, -4.1962
1494552176.3169159889,1494552176.3194139004, -1.1233, -0.0234, -0.2886, -5.2795, -1.6022, -4.1962
1494552176.3194839954,1494552176.3218560219, -1.1233, -0.0234, -0.2886, -5.2795, -1.6022, -4.1962
1494552176.3219249249,1494552176.3248789310, -1.1233, -0.0234, -0.2886, -5.9204, -1.3428, -4.0131
1494552176.3249499798,1494552176.3273549080, -1.1233, -0.0234, -0.2844, -5.9204, -1.3428, -4.0131
1494552176.3274240494,1494552176.3298819065, -1.1213, -0.0266, -0.2844, -5.9204, -1.3428, -4.0131
1494552176.3299510479,1494552176.3323609829, -1.1213, -0.0266, -0.2844, -5.9204, -1.3428, -4.0131
1494552176.3325550556,1494552176.3349640369, -1.1213, -0.0266, -0.2844, -6.0425, -1.2665, -3.7537
1494552176.3350319862,1494552176.3374450207, -1.1213, -0.0266, -0.2844, -6.0425, -1.2665, -3.7537
1494552176.3375139236,1494552176.3399279118, -1.1213, -0.0266, -0.2844, -6.0425, -1.2665, -3.7537
1494552176.3399970531,1494552176.3424088955, -1.1213, -0.0266, -0.2844, -6.0425, -1.2665, -3.7537
1494552176.3424780369,1494552176.3448820114, -1.1213, -0.0266, -0.2844, -6.1188, -1.0071, -4.3182
1494552176.3449509144,1494552176.3473579884, -1.1213, -0.0266, -0.2903, -6.1188, -1.0071, -4.3182
1494552176.3474280834,1494552176.3499040604, -1.1230, -0.0276, -0.2903, -6.1188, -1.0071, -4.3182
1494552176.3499739170,1494552176.3523800373, -1.1230, -0.0276, -0.2903, -6.1188, -1.0071, -4.3182
1494552176.3524498940,1494552176.3548541069, -1.1230, -0.0276, -0.2903, -6.1188, -1.3885, -4.1199
1494552176.3549239635,1494552176.3573369980, -1.1230, -0.0276, -0.2903, -5.7678, -1.3885, -4.1199
1494552176.3574070930,1494552176.3597769737, -1.1230, -0.0276, -0.2903, -5.7678, -1.3885, -4.1199
1494552176.3598461151,1494552176.3621330261, -1.1230, -0.0276, -0.2903, -5.7678, -1.3885, -4.1199
1494552176.3622009754,1494552176.3644831181, -1.1230, -0.0276, -0.2903, -5.7678, -1.3885, -4.1199
1494552176.3645520210,1494552176.3668360710, -1.1230, -0.0276, -0.2903, -6.1951, -1.6632, -3.6774
1494552176.3669049740,1494552176.3693499565, -1.1206, -0.0195, -0.2856, -6.1951, -1.6632, -3.6774
1494552176.3694200516,1494552176.3717029095, -1.1206, -0.0195, -0.2856, -6.1951, -1.6632, -3.6774
1494552176.3717730045,1494552176.3740499020, -1.1206, -0.0195, -0.2856, -6.1951, -1.6632, -3.6774
1494552176.3741190434,1494552176.3764040470, -1.1206, -0.0195, -0.2856, -6.3477, -1.5259, -3.9520
1494552176.3764739037,1494552176.3790729046, -1.1206, -0.0195, -0.2856, -6.3477, -1.5259, -3.9520
1494552176.3791449070,1494552176.3815519810, -1.1206, -0.0195, -0.2856, -6.3477, -1.5259, -3.9520
1494552176.3816230297,1494552176.3840150833, -1.1206, -0.0195, -0.2856, -6.3477, -1.5259, -3.9520
1494552176.3840839863,1494552176.3864779472, -1.1206, -0.0195, -0.2856, -6.3477, -1.5717, -4.1199
1494552176.3865480423,1494552176.3889811039, -1.1306, -0.0215, -0.2954, -6.1188, -1.5717, -4.1199
1494552176.3890509605,1494552176.3914430141, -1.1306, -0.0215, -0.2954, -6.1188, -1.5717, -4.1199
1494552176.3915131092,1494552176.3939061165, -1.1306, -0.0215, -0.2954, -6.1188, -1.5717, -4.1199
1494552176.3939759731,1494552176.3963730335, -1.1306, -0.0215, -0.2954, -6.1188, -1.5717, -4.1199
1494552176.3964419365,1494552176.3988780975, -1.1306, -0.0215, -0.2954, -6.6376, -1.8463, -3.9978
1494552176.3989470005,1494552176.4013290405, -1.1306, -0.0215, -0.2954, -6.6376, -1.8463, -3.9978
1494552176.4013979435,1494552176.4037659168, -1.1306, -0.0215, -0.2954, -6.6376, -1.8463, -3.9978
1494552176.4038350582,1494552176.4062039852, -1.1306, -0.0215, -0.2954, -6.6376, -1.8463, -3.9978
1494552176.4062719345,1494552176.4088020325, -1.1233, -0.0259, -0.2861, -6.4240, -1.7548, -3.4790
1494552176.4088740349,1494552176.4111568928, -1.1233, -0.0259, -0.2861, -6.4240, -1.7548, -3.4790
1494552176.4112269878,1494552176.4135050774, -1.1233, -0.0259, -0.2861, -6.4240, -1.7548, -3.4790
1494552176.4135739803,1494552176.4158670902, -1.1233, -0.0259, -0.2861, -6.4240, -1.7548, -3.4790
1494552176.4159369469,1494552176.4182169437, -1.1233, -0.0259, -0.2861, -6.4240, -1.8768, -3.5706
1494552176.4183270931,1494552176.4206120968, -1.1233, -0.0259, -0.2861, -5.7220, -1.8768, -3.5706
1494552176.4206809998,1494552176.4229600430, -1.1233, -0.0259, -0.2861, -5.7220, -1.8768, -3.5706
1494552176.4230298996,1494552176.4253089428, -1.1233, -0.0259, -0.2861, -5.7220, -1.8768, -3.5706
1494552176.4253790379,1494552176.4276640415, -1.1233, -0.0259, -0.2861, -5.7220, -1.8768, -3.5706
1494552176.4277338982,1494552176.4301319122, -1.1182, -0.0203, -0.2861, -5.9662, -1.3275, -3.9215
1494552176.4302010536,1494552176.4325940609, -1.1182, -0.0203, -0.2861, -5.9662, -1.3275, -3.9215
1494552176.4326629639,1494552176.4351480007, -1.1182, -0.0203, -0.2861, -5.9662, -1.3275, -3.9215
1494552176.4353361130,1494552176.4377360344, -1.1182, -0.0203, -0.2861, -5.9662, -1.3275, -3.9215
1494552176.4378049374,1494552176.4402449131, -1.1182, -0.0203, -0.2861, -5.4474, -2.1515, -4.2267
1494552176.4403140545,1494552176.4427020550, -1.1182, -0.0203, -0.2861, -5.4474, -2.1515, -4.2267
1494552176.4427709579,1494552176.4451620579, -1.1182, -0.0203, -0.2861, -5.4474, -2.1515, -4.2267
1494552176.4452300072,1494552176.4476261139, -1.1182, -0.0203, -0.2930, -5.4474, -2.1515, -4.2267
1494552176.4476950169,1494552176.4500970840, -1.1270, -0.0176, -0.2930, -5.4474, -1.9531, -4.1046
1494552176.4501669407,1494552176.4525630474, -1.1270, -0.0176, -0.2930, -5.8136, -1.9531, -4.1046
1494552176.4526319504,1494552176.4550230503, -1.1270, -0.0176, -0.2930, -5.8136, -1.9531, -4.1046
1494552176.4550919533,1494552176.4574759007, -1.1270, -0.0176, -0.2930, -5.8136, -1.9531, -4.1046
1494552176.4575459957,1494552176.4599521160, -1.1270, -0.0176, -0.2930, -5.8136, -1.9531, -3.7384
1494552176.4600219727,1494552176.4624130726, -1.1270, -0.0176, -0.2930, -6.1798, -2.0142, -3.7384
1494552176.4624829292,1494552176.4648718834, -1.1270, -0.0176, -0.2930, -6.1798, -2.0142, -3.7384
1494552176.4649419785,1494552176.4673359394, -1.1270, -0.0176, -0.2930, -6.1798, -2.0142, -3.7384
1494552176.4674050808,1494552176.4697299004, -1.1165, -0.0215, -0.2891, -6.1798, -2.0142, -3.7384
1494552176.4697999954,1494552176.4720859528, -1.1165, -0.0215, -0.2891, -6.1798, -2.0752, -4.1504
1494552176.4721560478,1494552176.4744420052, -1.1165, -0.0215, -0.2891, -6.1798, -2.0752, -4.1504
1494552176.4745109081,1494552176.4767949581, -1.1165, -0.0215, -0.2891, -6.1798, -2.0752, -4.1504
1494552176.4768640995,1494552176.4792249203, -1.1165, -0.0215, -0.2891, -6.1798, -2.0752, -4.1504
1494552176.4792950153,1494552176.4815781116, -1.1165, -0.0215, -0.2891, -6.1798, -2.1667, -4.6082
1494552176.4816470146,1494552176.4839279652, -1.1165, -0.0215, -0.2891, -5.6000, -2.1667, -4.6082
1494552176.4839971066,1494552176.4862840176, -1.1165, -0.0215, -0.2891, -5.6000, -2.1667, -4.6082
1494552176.4863529205,1494552176.4887969494, -1.1172, -0.0256, -0.2751, -5.6000, -2.1667, -4.6082
1494552176.4888670444,1494552176.4912619591, -1.1172, -0.0256, -0.2751, -5.6000, -2.1667, -4.6082
1494552176.4913320541,1494552176.4937269688, -1.1172, -0.0256, -0.2751, -5.5237, -1.7700, -4.5013
1494552176.4937961102,1494552176.4961919785, -1.1172, -0.0256, -0.2751, -5.5237, -1.7700, -4.5013
1494552176.4962608814,1494552176.4986479282, -1.1172, -0.0256, -0.2751, -5.5237, -1.7700, -4.5013
1494552176.4987170696,1494552176.5009989738, -1.1172, -0.0256, -0.2751, -5.5237, -1.7700, -4.5013
1494552176.5010681152,1494552176.5033469200, -1.1172, -0.0256, -0.2751, -5.5542, -1.9989, -4.1351
1494552176.5034151077,1494552176.5056979656, -1.1172, -0.0256, -0.2751, -5.5542, -1.9989, -4.1351
1494552176.5057671070,1494552176.5081529617, -1.1172, -0.0186, -0.2778, -5.5542, -1.9989, -4.1351
1494552176.5082709789,1494552176.5105519295, -1.1162, -0.0186, -0.2778, -5.5542, -1.9989, -4.1351
1494552176.5106220245,1494552176.5129020214, -1.1162, -0.0186, -0.2778, -5.5542, -1.9989, -4.3182
1494552176.5129699707,1494552176.5152540207, -1.1162, -0.0186, -0.2778, -4.9286, -2.1210, -4.3182
1494552176.5153229237,1494552176.5176029205, -1.1162, -0.0186, -0.2778, -4.9286, -2.1210, -4.3182
1494552176.5176720619,1494552176.5200340748, -1.1162, -0.0186, -0.2778, -4.9286, -2.1210, -4.3182
1494552176.5201029778,1494552176.5223860741, -1.1162, -0.0186, -0.2778, -4.9286, -2.1210, -4.3182
1494552176.5224559307,1494552176.5247359276, -1.1162, -0.0186, -0.2778, -5.5847, -1.9989, -4.3793
1494552176.5248050690,1494552176.5270900726, -1.1162, -0.0186, -0.2778, -5.5847, -1.9989, -4.3793
1494552176.5271599293,1494552176.5294508934, -1.1272, -0.0225, -0.2754, -5.5847, -1.9989, -4.3793
1494552176.5295200348,1494552176.5317931175, -1.1272, -0.0225, -0.2754, -5.5847, -1.9989, -4.3793
1494552176.5318610668,1494552176.5341410637, -1.1272, -0.0225, -0.2754, -5.5847, -1.9989, -4.3182
1494552176.5342109203,1494552176.5364930630, -1.1272, -0.0225, -0.2754, -5.7983, -2.0599, -4.3182
1494552176.5366740227,1494552176.5390050411, -1.1272, -0.0225, -0.2754, -5.7983, -2.0599, -4.3182
1494552176.5390739441,1494552176.5414769650, -1.1272, -0.0225, -0.2754, -5.7983, -2.0599, -4.3182
1494552176.5415470600,1494552176.5439529419, -1.1272, -0.0225, -0.2754, -5.7983, -2.0599, -4.3182
1494552176.5440220833,1494552176.5464279652, -1.1272, -0.0225, -0.2754, -5.7068, -1.8158, -4.1046
1494552176.5464971066,1494552176.5489099026, -1.1201, -0.0227, -0.2869, -5.7068, -1.8158, -4.1046
1494552176.5489799976,1494552176.5513820648, -1.1201, -0.0227, -0.2869, -5.7068, -1.8158, -4.1046
1494552176.5514509678,1494552176.5538530350, -1.1201, -0.0227, -0.2869, -5.7068, -1.8158, -4.1046
1494552176.5539219379,1494552176.5563280582, -1.1201, -0.0227, -0.2869, -5.9204, -1.9073, -4.1046
1494552176.5563969612,1494552176.5588068962, -1.1201, -0.0227, -0.2869, -5.9204, -1.9073, -4.1046
1494552176.5588760376,1494552176.5612809658, -1.1201, -0.0227, -0.2869, -5.9204, -1.9073, -4.1046
1494552176.5613501072,1494552176.5637609959, -1.1201, -0.0227, -0.2869, -5.9204, -1.9073, -4.1046
1494552176.5638310909,1494552176.5662329197, -1.1201, -0.0227, -0.2869, -5.9204, -1.8463, -4.3030
1494552176.5663030148,1494552176.5687189102, -1.1201, -0.0195, -0.2700, -6.0883, -1.8463, -4.3030
1494552176.5687890053,1494552176.5711960793, -1.1213, -0.0195, -0.2700, -6.0883, -1.8463, -4.3030
1494552176.5712659359,1494552176.5736730099, -1.1213, -0.0195, -0.2700, -6.0883, -1.8463, -4.3030
1494552176.5737419128,1494552176.5761480331, -1.1213, -0.0195, -0.2700, -6.0883, -1.8463, -4.3030
1494552176.5762169361,1494552176.5786490440, -1.1213, -0.0195, -0.2700, -5.9357, -1.8158, -4.1962
1494552176.5787179470,1494552176.5810000896, -1.1213, -0.0195, -0.2700, -5.9357, -1.8158, -4.1962
1494552176.5810699463,1494552176.5833520889, -1.1213, -0.0195, -0.2700, -5.9357, -1.8158, -4.1962
1494552176.5834200382,1494552176.5857028961, -1.1213, -0.0195, -0.2700, -5.9357, -1.8158, -4.1962
1494552176.5857720375,1494552176.5880510807, -1.1213, -0.0195, -0.2754, -6.1493, -1.7242, -4.2419
1494552176.5881209373,1494552176.5905289650, -1.1257, -0.0195, -0.2754, -6.1493, -1.7242, -4.2419
1494552176.5905981064,1494552176.5929870605, -1.1257, -0.0195, -0.2754, -6.1493, -1.7242, -4.2419
1494552176.5930559635,1494552176.5954511166, -1.1257, -0.0195, -0.2754, -6.1493, -1.7242, -4.2419
1494552176.5955200195,1494552176.5979089737, -1.1257, -0.0195, -0.2754, -6.1493, -2.3193, -4.6234
1494552176.5979781151,1494552176.6003510952, -1.1257, -0.0195, -0.2754, -6.3934, -2.3193, -4.6234
1494552176.6004199982,1494552176.6027870178, -1.1257, -0.0195, -0.2754, -6.3934, -2.3193, -4.6234
1494552176.6028559208,1494552176.6052188873, -1.1257, -0.0195, -0.2754, -6.3934, -2.3193, -4.6234
1494552176.6052889824,1494552176.6077039242, -1.1257, -0.0195, -0.2754, -6.3934, -2.3193, -4.6234
1494552176.6077730656,1494552176.6101830006, -1.1208, -0.0186, -0.2874, -5.7526, -2.0599, -4.6692
1494552176.6102530956,1494552176.6126599312, -1.1208, -0.0186, -0.2874, -5.7526, -2.0599, -4.6692
1494552176.6127290726,1494552176.6151320934, -1.1208, -0.0186, -0.2874, -5.7526, -2.0599, -4.6692
1494552176.6152009964,1494552176.6176049709, -1.1208, -0.0186, -0.2874, -5.7526, -2.0599, -4.6692
1494552176.6176741123,1494552176.6200940609, -1.1208, -0.0186, -0.2874, -5.7678, -2.2888, -4.8065
1494552176.6201639175,1494552176.6225690842, -1.1208, -0.0186, -0.2874, -5.7678, -2.2888, -4.8065
1494552176.6226379871,1494552176.6250469685, -1.1208, -0.0186, -0.2874, -5.7678, -2.2888, -4.8065
1494552176.6251161098,1494552176.6275250912, -1.1208, -0.0186, -0.2874, -5.7678, -2.2888, -4.8065
1494552176.6275939941,1494552176.6299130917, -1.1096, -0.0242, -0.2759, -5.7526, -2.0752, -4.8981
1494552176.6299829483,1494552176.6322650909, -1.1096, -0.0242, -0.2759, -5.7526, -2.0752, -4.8981
1494552176.6323339939,1494552176.6346189976, -1.1096, -0.0242, -0.2759, -5.7526, -2.0752, -4.8981
1494552176.6346869469,1494552176.6369650364, -1.1096, -0.0242, -0.2759, -5.7526, -2.0752, -4.8981
1494552176.6371369362,1494552176.6395249367, -1.1096, -0.0242, -0.2759, -5.7526, -2.0752, -4.8981
1494552176.6395940781,1494552176.6419990063, -1.1096, -0.0242, -0.2759, -5.6305, -2.3651, -5.0659
1494552176.6420691013,1494552176.6444740295, -1.1096, -0.0242, -0.2759, -5.6305, -2.3651, -5.0659
1494552176.6445429325,1494552176.6469480991, -1.1096, -0.0242, -0.2759, -5.6305, -2.3651, -5.0659
1494552176.6470170021,1494552176.6494541168, -1.1182, -0.0229, -0.2810, -5.6305, -2.3651, -5.0659
1494552176.6495239735,1494552176.6519250870, -1.1182, -0.0229, -0.2810, -5.6915, -1.9531, -4.5776
1494552176.6519939899,1494552176.6544001102, -1.1182, -0.0229, -0.2810, -5.6915, -1.9531, -4.5776
1494552176.6544690132,1494552176.6568720341, -1.1182, -0.0229, -0.2810, -5.6915, -1.9531, -4.5776
1494552176.6569409370,1494552176.6593549252, -1.1182, -0.0229, -0.2810, -5.6915, -1.9531, -4.5776
1494552176.6594240665,1494552176.6618289948, -1.1182, -0.0229, -0.2810, -5.3864, -2.3499, -4.9438
1494552176.6618978977,1494552176.6643030643, -1.1182, -0.0229, -0.2810, -5.3864, -2.3499, -4.9438
1494552176.6643719673,1494552176.6667780876, -1.1182, -0.0229, -0.2810, -5.3864, -2.3499, -4.9438
1494552176.6668469906,1494552176.6692669392, -1.1191, -0.0183, -0.2786, -5.3864, -2.3499, -4.9438
1494552176.6693360806,1494552176.6717419624, -1.1191, -0.0183, -0.2786, -5.3864, -2.3499, -5.2948
1494552176.6718111038,1494552176.6742250919, -1.1191, -0.0183, -0.2786, -5.7678, -2.3193, -5.2948
1494552176.6742939949,1494552176.6766951084, -1.1191, -0.0183, -0.2786, -5.7678, -2.3193, -5.2948
1494552176.6767640114,1494552176.6791379452, -1.1191, -0.0183, -0.2786, -5.7678, -2.3193, -5.2948
1494552176.6792080402,1494552176.6814839840, -1.1191, -0.0183, -0.2786, -5.7678, -2.3193, -5.2948
1494552176.6815519333,1494552176.6838340759, -1.1191, -0.0183, -0.2786, -5.8746, -1.9836, -4.8523
1494552176.6839029789,1494552176.6861839294, -1.1191, -0.0183, -0.2786, -5.8746, -1.9836, -4.8523
1494552176.6862521172,1494552176.6885609627, -1.1191, -0.0168, -0.2869, -5.8746, -1.9836, -4.8523
1494552176.6886301041,1494552176.6910378933, -1.1172, -0.0168, -0.2869, -5.8746, -1.9836, -4.8523
1494552176.6911079884,1494552176.6935129166, -1.1172, -0.0168, -0.2869, -5.6152, -2.1973, -5.0507
1494552176.6935820580,1494552176.6959860325, -1.1172, -0.0168, -0.2869, -5.6152, -2.1973, -5.0507
1494552176.6960549355,1494552176.6984701157, -1.1172, -0.0168, -0.2869, -5.6152, -2.1973, -5.0507
1494552176.6985390186,1494552176.7009449005, -1.1172, -0.0168, -0.2869, -5.6152, -2.1973, -5.0507
1494552176.7010149956,1494552176.7034230232, -1.1172, -0.0168, -0.2869, -5.6152, -2.1973, -5.3558
1494552176.7034909725,1494552176.7058939934, -1.1172, -0.0168, -0.2869, -6.3782, -2.1820, -5.3558
1494552176.7059628963,1494552176.7083780766, -1.1172, -0.0168, -0.2817, -6.3782, -2.1820, -5.3558
1494552176.7084469795,1494552176.7108469009, -1.1235, -0.0266, -0.2817, -6.3782, -2.1820, -5.3558
1494552176.7109160423,1494552176.7133200169, -1.1235, -0.0266, -0.2817, -6.3782, -2.1820, -5.3558
1494552176.7133901119,1494552176.7157928944, -1.1235, -0.0266, -0.2817, -5.9967, -2.2888, -5.4626
1494552176.7158620358,1494552176.7182769775, -1.1235, -0.0266, -0.2817, -5.9967, -2.2888, -5.4626
1494552176.7183461189,1494552176.7207551003, -1.1235, -0.0266, -0.2817, -5.9967, -2.2888, -5.4626
1494552176.7208240032,1494552176.7232310772, -1.1235, -0.0266, -0.2817, -5.9967, -2.2888, -5.4626
1494552176.7232999802,1494552176.7256999016, -1.1235, -0.0266, -0.2817, -5.9967, -2.0447, -5.2643
1494552176.7257690430,1494552176.7281739712, -1.1235, -0.0266, -0.2766, -5.9967, -2.0447, -5.2643
1494552176.7282960415,1494552176.7305810452, -1.1196, -0.0264, -0.2766, -5.9967, -2.0447, -5.2643
1494552176.7306499481,1494552176.7329359055, -1.1196, -0.0264, -0.2766, -5.9967, -2.0447, -5.2643
1494552176.7330050468,1494552176.7352869511, -1.1196, -0.0264, -0.2766, -5.9967, -2.3804, -5.4016
1494552176.7353570461,1494552176.7376370430, -1.1196, -0.0264, -0.2766, -6.2103, -2.3804, -5.4016
1494552176.7377049923,1494552176.7401158810, -1.1196, -0.0264, -0.2766, -6.2103, -2.3804, -5.4016
1494552176.7402920723,1494552176.7426970005, -1.1196, -0.0264, -0.2766, -6.2103, -2.3804, -5.4016
1494552176.7427670956,1494552176.7451710701, -1.1196, -0.0264, -0.2766, -6.2103, -2.3804, -5.4016
1494552176.7452409267,1494552176.7476470470, -1.1196, -0.0264, -0.2766, -5.7220, -2.1362, -5.2490
1494552176.7477159500,1494552176.7501440048, -1.1250, -0.0217, -0.2769, -5.7220, -2.1362, -5.2490
1494552176.7502140999,1494552176.7526268959, -1.1250, -0.0217, -0.2769, -5.7220, -2.1362, -5.2490
1494552176.7526960373,1494552176.7551031113, -1.1250, -0.0217, -0.2769, -5.7220, -2.1362, -5.2490
1494552176.7551720142,1494552176.7575900555, -1.1250, -0.0217, -0.2769, -6.1646, -1.7090, -4.6997
1494552176.7576599121,1494552176.7600879669, -1.1250, -0.0217, -0.2769, -6.1646, -1.7090, -4.6997
1494552176.7601580620,1494552176.7625710964, -1.1250, -0.0217, -0.2769, -6.1646, -1.7090, -4.6997
1494552176.7626399994,1494552176.7650499344, -1.1250, -0.0217, -0.2769, -6.1646, -1.7090, -4.6997
1494552176.7651190758,1494552176.7675299644, -1.1250, -0.0217, -0.2769, -5.2948, -2.0905, -4.7302
1494552176.7675991058,1494552176.7700200081, -1.1252, -0.0161, -0.2896, -5.2948, -2.0905, -4.7302
1494552176.7700901031,1494552176.7725000381, -1.1252, -0.0161, -0.2896, -5.2948, -2.0905, -4.7302
1494552176.7725698948,1494552176.7749829292, -1.1252, -0.0161, -0.2896, -5.2948, -2.0905, -4.7302
1494552176.7750520706,1494552176.7774629593, -1.1252, -0.0161, -0.2896, -5.2948, -2.0905, -4.2725
1494552176.7775330544,1494552176.7798728943, -1.1252, -0.0161, -0.2896, -5.3558, -2.2125, -4.2725
1494552176.7799429893,1494552176.7822229862, -1.1252, -0.0161, -0.2896, -5.3558, -2.2125, -4.2725
1494552176.7822918892,1494552176.7845749855, -1.1252, -0.0161, -0.2896, -5.3558, -2.2125, -4.2725
1494552176.7846438885,1494552176.7869279385, -1.1252, -0.0161, -0.2896, -5.3558, -2.2125, -4.2725
1494552176.7869958878,1494552176.7893459797, -1.1189, -0.0332, -0.2837, -6.0272, -2.1973, -4.1351
1494552176.7894148827,1494552176.7918210030, -1.1189, -0.0332, -0.2837, -6.0272, -2.1973, -4.1351
1494552176.7918910980,1494552176.7942969799, -1.1189, -0.0332, -0.2837, -6.0272, -2.1973, -4.1351
1494552176.7943658829,1494552176.7967710495, -1.1189, -0.0332, -0.2837, -6.0272, -2.1973, -4.1351
1494552176.7968399525,1494552176.7992939949, -1.1189, -0.0332, -0.2837, -6.5155, -1.9836, -3.4485
1494552176.7993628979,1494552176.8017680645, -1.1189, -0.0332, -0.2837, -6.5155, -1.9836, -3.4485
1494552176.8018369675,1494552176.8042430878, -1.1189, -0.0332, -0.2837, -6.5155, -1.9836, -3.4485
1494552176.8043119907,1494552176.8067219257, -1.1189, -0.0332, -0.2837, -6.5155, -1.9836, -3.4485
1494552176.8067910671,1494552176.8092000484, -1.1189, -0.0293, -0.2764, -6.5155, -1.9836, -2.7618
1494552176.8092689514,1494552176.8116760254, -1.1179, -0.0293, -0.2764, -5.9662, -1.9226, -2.7618
1494552176.8117449284,1494552176.8141560555, -1.1179, -0.0293, -0.2764, -5.9662, -1.9226, -2.7618
1494552176.8142259121,1494552176.8166320324, -1.1179, -0.0293, -0.2764, -5.9662, -1.9226, -2.7618
1494552176.8166999817,1494552176.8191170692, -1.1179, -0.0293, -0.2764, -5.9662, -1.9226, -2.7618
1494552176.8191859722,1494552176.8215930462, -1.1179, -0.0293, -0.2764, -6.2103, -1.9531, -2.8229
1494552176.8216619492,1494552176.8240699768, -1.1179, -0.0293, -0.2764, -6.2103, -1.9531, -2.8229
1494552176.8241400719,1494552176.8265430927, -1.1179, -0.0293, -0.2764, -6.2103, -1.9531, -2.8229
1494552176.8266129494,1494552176.8290200233, -1.1179, -0.0283, -0.2812, -6.2103, -1.9531, -2.8229
1494552176.8290889263,1494552176.8313770294, -1.1213, -0.0283, -0.2812, -6.4850, -1.6632, -2.6398
1494552176.8314459324,1494552176.8337249756, -1.1213, -0.0283, -0.2812, -6.4850, -1.6632, -2.6398
1494552176.8337941170,1494552176.8360719681, -1.1213, -0.0283, -0.2812, -6.4850, -1.6632, -2.6398
1494552176.8361399174,1494552176.8384830952, -1.1213, -0.0283, -0.2812, -6.4850, -1.6632, -2.6398
1494552176.8385519981,1494552176.8409590721, -1.1213, -0.0283, -0.2812, -6.4850, -1.6632, -2.3804
1494552176.8410279751,1494552176.8434329033, -1.1213, -0.0283, -0.2812, -6.5460, -1.6785, -2.3804
1494552176.8436129093,1494552176.8460240364, -1.1213, -0.0283, -0.2812, -6.5460, -1.6785, -2.3804
1494552176.8460929394,1494552176.8485109806, -1.1213, -0.0283, -0.2881, -6.5460, -1.6785, -2.3804
1494552176.8485798836,1494552176.8509829044, -1.1150, -0.0271, -0.2881, -6.5460, -1.6785, -2.3804
1494552176.8510520458,1494552176.8534579277, -1.1150, -0.0271, -0.2881, -6.9122, -1.2665, -2.3804
1494552176.8535280228,1494552176.8559279442, -1.1150, -0.0271, -0.2881, -6.9122, -1.2665, -2.3804
1494552176.8559980392,1494552176.8584070206, -1.1150, -0.0271, -0.2881, -6.9122, -1.2665, -2.3804
1494552176.8584759235,1494552176.8608820438, -1.1150, -0.0271, -0.2881, -6.9122, -1.2665, -2.3804
1494552176.8609509468,1494552176.8633561134, -1.1150, -0.0271, -0.2881, -7.0648, -1.8311, -1.9836
1494552176.8634259701,1494552176.8658320904, -1.1150, -0.0271, -0.2881, -7.0648, -1.8311, -1.9836
1494552176.8659029007,1494552176.8683159351, -1.1150, -0.0271, -0.2881, -7.0648, -1.8311, -1.9836
1494552176.8683860302,1494552176.8707909584, -1.1208, -0.0198, -0.2773, -7.0648, -1.8311, -1.9836
1494552176.8708600998,1494552176.8732700348, -1.1208, -0.0198, -0.2773, -6.6071, -1.7090, -1.5259
1494552176.8733398914,1494552176.8757441044, -1.1208, -0.0198, -0.2773, -6.6071, -1.7090, -1.5259
1494552176.8758139610,1494552176.8782188892, -1.1208, -0.0198, -0.2773, -6.6071, -1.7090, -1.5259
1494552176.8783330917,1494552176.8806219101, -1.1208, -0.0198, -0.2773, -6.6071, -1.7090, -1.5259
1494552176.8806920052,1494552176.8829779625, -1.1208, -0.0198, -0.2773, -6.6071, -1.7090, -1.6479
1494552176.8830471039,1494552176.8853280544, -1.1208, -0.0198, -0.2773, -6.6681, -1.3733, -1.6479
1494552176.8853969574,1494552176.8876769543, -1.1208, -0.0198, -0.2773, -6.6681, -1.3733, -1.6479
1494552176.8877460957,1494552176.8901429176, -1.1252, -0.0166, -0.2913, -6.6681, -1.3733, -1.6479
1494552176.8902130127,1494552176.8926219940, -1.1252, -0.0166, -0.2913, -6.6681, -1.3733, -1.6479
1494552176.8926908970,1494552176.8950960636, -1.1252, -0.0166, -0.2913, -6.4545, -1.8005, -2.0294
1494552176.8951659203,1494552176.8975739479, -1.1252, -0.0166, -0.2913, -6.4545, -1.8005, -2.0294
1494552176.8976440430,1494552176.9000520706, -1.1252, -0.0166, -0.2913, -6.4545, -1.8005, -2.0294
1494552176.9001209736,1494552176.9025270939, -1.1252, -0.0166, -0.2913, -6.4545, -1.8005, -2.0294
1494552176.9025969505,1494552176.9050030708, -1.1252, -0.0166, -0.2913, -6.5918, -1.6632, -1.9379
1494552176.9050719738,1494552176.9074800014, -1.1252, -0.0166, -0.2913, -6.5918, -1.6632, -1.9379
1494552176.9075489044,1494552176.9099640846, -1.1213, -0.0115, -0.2605, -6.5918, -1.6632, -1.9379
1494552176.9100320339,1494552176.9124429226, -1.1213, -0.0115, -0.2605, -6.5918, -1.6632, -1.9379
1494552176.9125120640,1494552176.9149179459, -1.1213, -0.0115, -0.2605, -6.5918, -1.6632, -2.1515
1494552176.9149870872,1494552176.9173970222, -1.1213, -0.0115, -0.2605, -7.0038, -1.1902, -2.1515
1494552176.9174649715,1494552176.9198799133, -1.1213, -0.0115, -0.2605, -7.0038, -1.1902, -2.1515
1494552176.9199490547,1494552176.9223549366, -1.1213, -0.0115, -0.2605, -7.0038, -1.1902, -2.1515
1494552176.9224240780,1494552176.9248309135, -1.1213, -0.0115, -0.2605, -7.0038, -1.1902, -2.1515
1494552176.9249000549,1494552176.9273030758, -1.1213, -0.0115, -0.2605, -7.2021, -1.4954, -2.1515
1494552176.9273729324,1494552176.9297180176, -1.1250, -0.0149, -0.2815, -7.2021, -1.4954, -2.1515
1494552176.9297881126,1494552176.9320731163, -1.1250, -0.0149, -0.2815, -7.2021, -1.4954, -2.1515
1494552176.9321420193,1494552176.9344220161, -1.1250, -0.0149, -0.2815, -7.2021, -1.4954, -2.1515
1494552176.9344909191,1494552176.9367709160, -1.1250, -0.0149, -0.2815, -6.8665, -1.6022, -2.3193
1494552176.9368400574,1494552176.9391829967, -1.1250, -0.0149, -0.2815, -6.8665, -1.6022, -2.3193
1494552176.9392540455,1494552176.9416599274, -1.1250, -0.0149, -0.2815, -6.8665, -1.6022, -2.3193
1494552176.9417300224,1494552176.9441349506, -1.1250, -0.0149, -0.2815, -6.8665, -1.6022, -2.3193
1494552176.9442050457,1494552176.9466059208, -1.1250, -0.0149, -0.2815, -6.8665, -1.6022, -2.3956
1494552176.9467830658,1494552176.9491920471, -1.1250, -0.0151, -0.2839, -6.9122, -1.8921, -2.3956
1494552176.9492609501,1494552176.9516730309, -1.1143, -0.0151, -0.2839, -6.9122, -1.8921, -2.3956
1494552176.9517419338,1494552176.9541480541, -1.1143, -0.0151, -0.2839, -6.9122, -1.8921, -2.3956
1494552176.9542169571,1494552176.9566209316, -1.1143, -0.0151, -0.2839, -6.9122, -1.8921, -2.3956
1494552176.9566900730,1494552176.9591090679, -1.1143, -0.0151, -0.2839, -6.5308, -1.9379, -2.6703
1494552176.9591789246,1494552176.9615850449, -1.1143, -0.0151, -0.2839, -6.5308, -1.9379, -2.6703
1494552176.9616539478,1494552176.9640591145, -1.1143, -0.0151, -0.2839, -6.5308, -1.9379, -2.6703
1494552176.9641289711,1494552176.9665288925, -1.1143, -0.0151, -0.2839, -6.5308, -1.9379, -2.6703
1494552176.9665989876,1494552176.9690101147, -1.1143, -0.0151, -0.2822, -6.4697, -1.8158, -2.7771
1494552176.9690799713,1494552176.9714910984, -1.1194, -0.0066, -0.2822, -6.4697, -1.8158, -2.7771
1494552176.9715609550,1494552176.9739658833, -1.1194, -0.0066, -0.2822, -6.4697, -1.8158, -2.7771
1494552176.9740359783,1494552176.9764440060, -1.1194, -0.0066, -0.2822, -6.4697, -1.8158, -2.7771
1494552176.9765141010,1494552176.9788990021, -1.1194, -0.0066, -0.2822, -6.4392, -1.7242, -2.6703
1494552176.9789700508,1494552176.9812541008, -1.1194, -0.0066, -0.2822, -6.4392, -1.7242, -2.6703
1494552176.9813249111,1494552176.9836080074, -1.1194, -0.0066, -0.2822, -6.4392, -1.7242, -2.6703
1494552176.9836769104,1494552176.9859600067, -1.1194, -0.0066, -0.2822, -6.4392, -1.7242, -2.6703
1494552176.9860289097,1494552176.9883399010, -1.1194, -0.0066, -0.2822, -6.4392, -1.7242, -2.6703
1494552176.9884099960,1494552176.9908161163, -1.1208, -0.0159, -0.3008, -6.3171, -2.0447, -3.0670
1494552176.9908859730,1494552176.9932899475, -1.1208, -0.0159, -0.3008, -6.3171, -2.0447, -3.0670
1494552176.9933600426,1494552176.9957640171, -1.1208, -0.0159, -0.3008, -6.3171, -2.0447, -3.0670
1494552176.9958341122,1494552176.9982779026, -1.1208, -0.0159, -0.3008, -6.3171, -2.0447, -3.0670
1494552176.9983489513,1494552177.0007550716, -1.1208, -0.0159, -0.3008, -6.3171, -1.7548, -3.2959
1494552177.0008239746,1494552177.0032370090, -1.1208, -0.0159, -0.3008, -6.3171, -1.7548, -3.2959
1494552177.0033071041,1494552177.0057129860, -1.1208, -0.0159, -0.3008, -6.3171, -1.7548, -3.2959
1494552177.0057818890,1494552177.0081861019, -1.1208, -0.0159, -0.3008, -6.3171, -1.7548, -3.2959
1494552177.0083110332,1494552177.0107240677, -1.1206, -0.0100, -0.2717, -6.3324, -1.4496, -3.4332
1494552177.0107929707,1494552177.0132019520, -1.1206, -0.0100, -0.2717, -6.3324, -1.4496, -3.4332
1494552177.0132710934,1494552177.0156819820, -1.1206, -0.0100, -0.2717, -6.3324, -1.4496, -3.4332
1494552177.0157508850,1494552177.0181519985, -1.1206, -0.0100, -0.2717, -6.3324, -1.4496, -3.4332
1494552177.0182209015,1494552177.0206599236, -1.1206, -0.0100, -0.2717, -6.3324, -1.4496, -3.2806
1494552177.0207290649,1494552177.0231380463, -1.1206, -0.0100, -0.2717, -6.2866, -1.7853, -3.2806
1494552177.0232069492,1494552177.0256130695, -1.1206, -0.0100, -0.2717, -6.2866, -1.7853, -3.2806
1494552177.0256819725,1494552177.0280880928, -1.1206, -0.0100, -0.2717, -6.2866, -1.7853, -3.2806
1494552177.0281569958,1494552177.0304670334, -1.1282, -0.0156, -0.2866, -6.2866, -1.7853, -3.2806
1494552177.0305368900,1494552177.0328209400, -1.1282, -0.0156, -0.2866, -6.2714, -1.4191, -3.4180
1494552177.0328900814,1494552177.0351660252, -1.1282, -0.0156, -0.2866, -6.2714, -1.4191, -3.4180
1494552177.0352358818,1494552177.0375161171, -1.1282, -0.0156, -0.2866, -6.2714, -1.4191, -3.4180
1494552177.0375850201,1494552177.0399649143, -1.1282, -0.0156, -0.2866, -6.2714, -1.4191, -3.4180
1494552177.0400350094,1494552177.0424380302, -1.1282, -0.0156, -0.2866, -6.4087, -2.0447, -3.4790
1494552177.0425069332,1494552177.0449080467, -1.1282, -0.0156, -0.2866, -6.4087, -2.0447, -3.4790
1494552177.0449759960,1494552177.0473771095, -1.1282, -0.0156, -0.2866, -6.4087, -2.0447, -3.4790
1494552177.0474460125,1494552177.0498590469, -1.1208, -0.0117, -0.2688, -6.4087, -2.0447, -3.4790
1494552177.0500349998,1494552177.0524480343, -1.1208, -0.0117, -0.2688, -6.4087, -1.8768, -3.6163
1494552177.0525169373,1494552177.0549249649, -1.1208, -0.0117, -0.2688, -6.0883, -1.8768, -3.6163
1494552177.0549941063,1494552177.0574018955, -1.1208, -0.0117, -0.2688, -6.0883, -1.8768, -3.6163
1494552177.0574700832,1494552177.0598850250, -1.1208, -0.0117, -0.2688, -6.0883, -1.8768, -3.6163
1494552177.0599539280,1494552177.0623550415, -1.1208, -0.0117, -0.2688, -6.0883, -1.8768, -3.6163
1494552177.0624239445,1494552177.0648279190, -1.1208, -0.0117, -0.2688, -6.1035, -1.7242, -3.3722
1494552177.0648970604,1494552177.0673000813, -1.1208, -0.0117, -0.2688, -6.1035, -1.7242, -3.3722
1494552177.0673689842,1494552177.0697870255, -1.1252, -0.0161, -0.2820, -6.1035, -1.7242, -3.3722
1494552177.0698568821,1494552177.0722599030, -1.1252, -0.0161, -0.2820, -6.1035, -1.7242, -3.3722
1494552177.0723290443,1494552177.0747330189, -1.1252, -0.0161, -0.2820, -5.4626, -2.0905, -3.6621
1494552177.0748031139,1494552177.0772089958, -1.1252, -0.0161, -0.2820, -5.4626, -2.0905, -3.6621
1494552177.0772778988,1494552177.0796220303, -1.1252, -0.0161, -0.2820, -5.4626, -2.0905, -3.6621
1494552177.0796918869,1494552177.0819749832, -1.1252, -0.0161, -0.2820, -5.4626, -2.0905, -3.6621
1494552177.0820438862,1494552177.0843250751, -1.1252, -0.0161, -0.2820, -5.4626, -1.8463, -3.6163
1494552177.0843930244,1494552177.0866770744, -1.1252, -0.0161, -0.2820, -4.8828, -1.8463, -3.6163
1494552177.0867450237,1494552177.0891139507, -1.1252, -0.0161, -0.2935, -4.8828, -1.8463, -3.6163
1494552177.0891830921,1494552177.0915880203, -1.1191, -0.0159, -0.2935, -4.8828, -1.8463, -3.6163
1494552177.0916569233,1494552177.0940639973, -1.1191, -0.0159, -0.2935, -4.8828, -1.8463, -3.6163
1494552177.0941329002,1494552177.0965409279, -1.1191, -0.0159, -0.2935, -4.5776, -2.2430, -3.6774
1494552177.0966100693,1494552177.0990619659, -1.1191, -0.0159, -0.2935, -4.5776, -2.2430, -3.6774
1494552177.0991320610,1494552177.1015360355, -1.1191, -0.0159, -0.2935, -4.5776, -2.2430, -3.6774
1494552177.1016049385,1494552177.1040060520, -1.1191, -0.0159, -0.2935, -4.5776, -2.2430, -3.6774
1494552177.1040749550,1494552177.1064798832, -1.1191, -0.0159, -0.2935, -4.1504, -2.4109, -3.4943
1494552177.1065499783,1494552177.1089670658, -1.1191, -0.0159, -0.2837, -4.1504, -2.4109, -3.4943
1494552177.1090369225,1494552177.1114459038, -1.1270, -0.0051, -0.2837, -4.1504, -2.4109, -3.4943
1494552177.1115159988,1494552177.1139180660, -1.1270, -0.0051, -0.2837, -4.1504, -2.4109, -3.4943
1494552177.1139879227,1494552177.1163909435, -1.1270, -0.0051, -0.2837, -4.3182, -2.1210, -3.6163
1494552177.1164610386,1494552177.1188709736, -1.1270, -0.0051, -0.2837, -4.3182, -2.1210, -3.6163
1494552177.1189420223,1494552177.1213500500, -1.1270, -0.0051, -0.2837, -4.3182, -2.1210, -3.6163
1494552177.1214210987,1494552177.1238279343, -1.1270, -0.0051, -0.2837, -4.3182, -2.1210, -3.6163
1494552177.1238980293,1494552177.1263020039, -1.1270, -0.0051, -0.2837, -4.3182, -2.1210, -4.1351
1494552177.1263720989,1494552177.1287720203, -1.1270, -0.0051, -0.2837, -4.3793, -2.1210, -4.1351
1494552177.1288421154,1494552177.1311240196, -1.1226, -0.0166, -0.2832, -4.3793, -2.1210, -4.1351
1494552177.1311941147,1494552177.1334791183, -1.1226, -0.0166, -0.2832, -4.3793, -2.1210, -4.1351
1494552177.1335480213,1494552177.1358330250, -1.1226, -0.0166, -0.2832, -4.3793, -2.1210, -4.1351
1494552177.1359028816,1494552177.1381859779, -1.1226, -0.0166, -0.2832, -4.1351, -2.1973, -4.2572
1494552177.1383059025,1494552177.1405880451, -1.1226, -0.0166, -0.2832, -4.1351, -2.1973, -4.2572
1494552177.1406569481,1494552177.1429390907, -1.1226, -0.0166, -0.2832, -4.1351, -2.1973, -4.2572
1494552177.1430070400,1494552177.1452920437, -1.1226, -0.0166, -0.2832, -4.1351, -2.1973, -4.2572
1494552177.1453609467,1494552177.1476469040, -1.1226, -0.0166, -0.2832, -4.1351, -1.8463, -3.5248
1494552177.1477160454,1494552177.1501019001, -1.1248, -0.0127, -0.2788, -5.5847, -1.8463, -3.5248
1494552177.1502768993,1494552177.1526889801, -1.1248, -0.0127, -0.2788, -5.5847, -1.8463, -3.5248
1494552177.1527590752,1494552177.1551671028, -1.1248, -0.0127, -0.2788, -5.5847, -1.8463, -3.5248
1494552177.1552360058,1494552177.1576418877, -1.1248, -0.0127, -0.2788, -5.5847, -1.8463, -3.4027
1494552177.1577119827,1494552177.1601309776, -1.1248, -0.0127, -0.2788, -5.5237, -2.2888, -3.4027
1494552177.1602001190,1494552177.1626040936, -1.1248, -0.0127, -0.2788, -5.5237, -2.2888, -3.4027
1494552177.1626729965,1494552177.1650829315, -1.1248, -0.0127, -0.2788, -5.5237, -2.2888, -3.4027
1494552177.1651520729,1494552177.1675589085, -1.1248, -0.0127, -0.2788, -5.5237, -2.2888, -3.4027
1494552177.1676290035,1494552177.1700940132, -1.1204, -0.0117, -0.2817, -5.6152, -2.3193, -3.4180
1494552177.1701641083,1494552177.1725690365, -1.1204, -0.0117, -0.2817, -5.6152, -2.3193, -3.4180
1494552177.1726379395,1494552177.1750400066, -1.1204, -0.0117, -0.2817, -5.6152, -2.3193, -3.4180
1494552177.1751089096,1494552177.1775200367, -1.1204, -0.0117, -0.2817, -5.6152, -2.3193, -3.4180
1494552177.1775889397,1494552177.1799089909, -1.1204, -0.0117, -0.2817, -6.0577, -2.1667, -3.2501
1494552177.1799778938,1494552177.1822609901, -1.1204, -0.0117, -0.2817, -6.0577, -2.1667, -3.2501
1494552177.1823298931,1494552177.1846179962, -1.1204, -0.0117, -0.2817, -6.0577, -2.1667, -3.2501
1494552177.1846859455,1494552177.1869709492, -1.1204, -0.0117, -0.2817, -6.0577, -2.1667, -3.2501
1494552177.1870400906,1494552177.1893930435, -1.1204, -0.0117, -0.2820, -6.0577, -2.1667, -2.9144
1494552177.1894619465,1494552177.1918640137, -1.1238, -0.0198, -0.2820, -5.9357, -2.2583, -2.9144
1494552177.1919329166,1494552177.1943390369, -1.1238, -0.0198, -0.2820, -5.9357, -2.2583, -2.9144
1494552177.1944079399,1494552177.1968109608, -1.1238, -0.0198, -0.2820, -5.9357, -2.2583, -2.9144
1494552177.1968801022,1494552177.1992990971, -1.1238, -0.0198, -0.2820, -5.9357, -2.2583, -2.9144
1494552177.1993680000,1494552177.2017710209, -1.1238, -0.0198, -0.2820, -5.9509, -2.1973, -2.6703
1494552177.2018420696,1494552177.2042479515, -1.1238, -0.0198, -0.2820, -5.9509, -2.1973, -2.6703
1494552177.2043170929,1494552177.2067220211, -1.1238, -0.0198, -0.2820, -5.9509, -2.1973, -2.6703
1494552177.2067909241,1494552177.2092010975, -1.1238, -0.0198, -0.2715, -5.9509, -2.1973, -2.6703
1494552177.2092690468,1494552177.2116749287, -1.1248, -0.0107, -0.2715, -5.7068, -2.2430, -2.5330
1494552177.2117440701,1494552177.2141499519, -1.1248, -0.0107, -0.2715, -5.7068, -2.2430, -2.5330
1494552177.2142200470,1494552177.2166268826, -1.1248, -0.0107, -0.2715, -5.7068, -2.2430, -2.5330
1494552177.2166969776,1494552177.2191140652, -1.1248, -0.0107, -0.2715, -5.7068, -2.2430, -2.5330
1494552177.2191839218,1494552177.2215919495, -1.1248, -0.0107, -0.2715, -5.7068, -2.4414, -2.7008
1494552177.2216598988,1494552177.2240669727, -1.1248, -0.0107, -0.2715, -5.7220, -2.4414, -2.7008
1494552177.2241361141,1494552177.2265419960, -1.1248, -0.0107, -0.2715, -5.7220, -2.4414, -2.7008
1494552177.2266108990,1494552177.2290248871, -1.1248, -0.0107, -0.2715, -5.7220, -2.4414, -2.7008
1494552177.2290949821,1494552177.2313780785, -1.1167, -0.0100, -0.2795, -5.7220, -2.4414, -2.7008
1494552177.2314469814,1494552177.2337250710, -1.1167, -0.0100, -0.2795, -5.6915, -2.6398, -2.7313
1494552177.2337930202,1494552177.2360730171, -1.1167, -0.0100, -0.2795, -5.6915, -2.6398, -2.7313
1494552177.2361409664,1494552177.2384829521, -1.1167, -0.0100, -0.2795, -5.6915, -2.6398, -2.7313
1494552177.2385509014,1494552177.2409589291, -1.1167, -0.0100, -0.2795, -5.6915, -2.6398, -2.7313
1494552177.2410280704,1494552177.2434380054, -1.1167, -0.0100, -0.2795, -5.7373, -2.1362, -2.4261
1494552177.2435069084,1494552177.2459108829, -1.1167, -0.0100, -0.2795, -5.7373, -2.1362, -2.4261
1494552177.2459800243,1494552177.2483930588, -1.1167, -0.0100, -0.2795, -5.7373, -2.1362, -2.4261
1494552177.2484619617,1494552177.2508759499, -1.1248, -0.0073, -0.2578, -5.7373, -2.1362, -2.4261
1494552177.2509460449,1494552177.2533590794, -1.1248, -0.0073, -0.2578, -5.7373, -1.9226, -2.5940
1494552177.2535340786,1494552177.2559390068, -1.1248, -0.0073, -0.2578, -6.1646, -1.9226, -2.5940
1494552177.2560100555,1494552177.2584619522, -1.1248, -0.0073, -0.2578, -6.1646, -1.9226, -2.5940
1494552177.2585320473,1494552177.2609379292, -1.1248, -0.0073, -0.2578, -6.1646, -1.9226, -2.5940
1494552177.2610089779,1494552177.2634119987, -1.1248, -0.0073, -0.2578, -6.1646, -1.9226, -2.3804
1494552177.2634830475,1494552177.2658910751, -1.1248, -0.0073, -0.2578, -6.1340, -1.9226, -2.3804
1494552177.2659609318,1494552177.2683761120, -1.1248, -0.0073, -0.2578, -6.1340, -1.9226, -2.3804
1494552177.2684469223,1494552177.2708570957, -1.1270, -0.0095, -0.2781, -6.1340, -1.9226, -2.3804
1494552177.2709269524,1494552177.2733299732, -1.1270, -0.0095, -0.2781, -6.1340, -1.9226, -2.3804
1494552177.2734000683,1494552177.2758018970, -1.1270, -0.0095, -0.2781, -6.0425, -2.0599, -2.5177
1494552177.2758729458,1494552177.2782859802, -1.1270, -0.0095, -0.2781, -6.0425, -2.0599, -2.5177
1494552177.2783560753,1494552177.2806379795, -1.1270, -0.0095, -0.2781, -6.0425, -2.0599, -2.5177
1494552177.2807080746,1494552177.2829909325, -1.1270, -0.0095, -0.2781, -6.0425, -2.0599, -2.5177
1494552177.2830610275,1494552177.2853460312, -1.1270, -0.0095, -0.2781, -6.4240, -1.9836, -2.1515
1494552177.2854170799,1494552177.2876999378, -1.1270, -0.0095, -0.2781, -6.4240, -1.9836, -2.1515
1494552177.2877709866,1494552177.2900600433, -1.0645, -0.0098, -0.2788, -6.4240, -1.9836, -2.1515
1494552177.2901320457,1494552177.2924139500, -1.1230, -0.0098, -0.2788, -6.4240, -1.9836, -2.1515
1494552177.2924840450,1494552177.2947630882, -1.1230, -0.0098, -0.2788, -6.4240, -1.9836, -2.1515
1494552177.2948329449,1494552177.2971129417, -1.1230, -0.0098, -0.2788, -6.6528, -2.2125, -2.0142
1494552177.2971820831,1494552177.2995541096, -1.1230, -0.0098, -0.2788, -6.6528, -2.2125, -2.0142
1494552177.2996249199,1494552177.3020339012, -1.1230, -0.0098, -0.2788, -6.6528, -2.2125, -2.0142
1494552177.3021039963,1494552177.3045079708, -1.1230, -0.0098, -0.2788, -6.6528, -2.2125, -2.0142
1494552177.3045790195,1494552177.3069839478, -1.1230, -0.0098, -0.2788, -6.4240, -2.3804, -2.3346
1494552177.3070549965,1494552177.3094770908, -1.1230, -0.0098, -0.2744, -6.4240, -2.3804, -2.3346
1494552177.3095479012,1494552177.3119568825, -1.1260, -0.0059, -0.2744, -6.4240, -2.3804, -2.3346
1494552177.3120279312,1494552177.3144359589, -1.1260, -0.0059, -0.2744, -6.4240, -2.3804, -2.3346
1494552177.3145060539,1494552177.3169159889, -1.1260, -0.0059, -0.2744, -6.4240, -2.3651, -2.2125
1494552177.3169848919,1494552177.3193969727, -1.1260, -0.0059, -0.2744, -5.9814, -2.3651, -2.2125
1494552177.3194670677,1494552177.3218739033, -1.1260, -0.0059, -0.2744, -5.9814, -2.3651, -2.2125
1494552177.3219439983,1494552177.3243451118, -1.1260, -0.0059, -0.2744, -5.9814, -2.3651, -2.2125
1494552177.3244149685,1494552177.3268179893, -1.1260, -0.0059, -0.2744, -5.9814, -2.3651, -2.5635
1494552177.3268880844,1494552177.3293080330, -1.1260, -0.0059, -0.2744, -6.6223, -2.5940, -2.5635
1494552177.3293778896,1494552177.3317849636, -1.1228, -0.0073, -0.2847, -6.6223, -2.5940, -2.5635
1494552177.3318550587,1494552177.3342609406, -1.1228, -0.0073, -0.2847, -6.6223, -2.5940, -2.5635
1494552177.3343319893,1494552177.3367369175, -1.1228, -0.0073, -0.2847, -6.6223, -2.5940, -2.5635
1494552177.3368079662,1494552177.3392069340, -1.1228, -0.0073, -0.2847, -6.2714, -2.6245, -2.7771
1494552177.3392779827,1494552177.3415660858, -1.1228, -0.0073, -0.2847, -6.2714, -2.6245, -2.7771
1494552177.3416349888,1494552177.3439109325, -1.1228, -0.0073, -0.2847, -6.2714, -2.6245, -2.7771
1494552177.3439800739,1494552177.3462610245, -1.1228, -0.0073, -0.2847, -6.2714, -2.6245, -2.7771
1494552177.3463308811,1494552177.3486800194, -1.1228, -0.0073, -0.2847, -6.2714, -2.4872, -2.8076
1494552177.3487501144,1494552177.3511369228, -1.1235, -0.0073, -0.2754, -6.1646, -2.4872, -2.8076
1494552177.3512070179,1494552177.3535959721, -1.1235, -0.0073, -0.2754, -6.1646, -2.4872, -2.8076
1494552177.3536660671,1494552177.3560519218, -1.1235, -0.0073, -0.2754, -6.1646, -2.4872, -2.8076
1494552177.3562269211,1494552177.3586640358, -1.1235, -0.0073, -0.2754, -6.1646, -2.4872, -2.9755
1494552177.3587338924,1494552177.3611259460, -1.1235, -0.0073, -0.2754, -5.8899, -2.6855, -2.9755
1494552177.3611960411,1494552177.3635869026, -1.1235, -0.0073, -0.2754, -5.8899, -2.6855, -2.9755
1494552177.3636560440,1494552177.3660490513, -1.1235, -0.0073, -0.2754, -5.8899, -2.6855, -2.9755
1494552177.3661189079,1494552177.3685131073, -1.1235, -0.0073, -0.2754, -5.8899, -2.6855, -2.9755
1494552177.3685820103,1494552177.3709459305, -1.1245,  0.0076, -0.2732, -6.0120, -2.5635, -3.2349
1494552177.3710169792,1494552177.3733820915, -1.1245,  0.0076, -0.2732, -6.0120, -2.5635, -3.2349
1494552177.3734519482,1494552177.3758170605, -1.1245,  0.0076, -0.2732, -6.0120, -2.5635, -3.2349
1494552177.3758881092,1494552177.3782811165, -1.1245,  0.0076, -0.2732, -6.0120, -2.5635, -3.2349
1494552177.3783509731,1494552177.3807659149, -1.1245,  0.0076, -0.2732, -5.8289, -2.5482, -3.6011
1494552177.3808360100,1494552177.3832409382, -1.1245,  0.0076, -0.2732, -5.8289, -2.5482, -3.6011
1494552177.3833129406,1494552177.3857209682, -1.1245,  0.0076, -0.2732, -5.8289, -2.5482, -3.6011
1494552177.3857920170,1494552177.3881969452, -1.1245,  0.0076, -0.2732, -5.8289, -2.5482, -3.6011
1494552177.3883869648,1494552177.3906719685, -1.1196, -0.0068, -0.2603, -5.8289, -2.8229, -4.0588
1494552177.3907420635,1494552177.3930211067, -1.1196, -0.0068, -0.2603, -5.7983, -2.8229, -4.0588
1494552177.3930909634,1494552177.3953719139, -1.1196, -0.0068, -0.2603, -5.7983, -2.8229, -4.0588
1494552177.3954420090,1494552177.3977210522, -1.1196, -0.0068, -0.2603, -5.7983, -2.8229, -4.0588
1494552177.3977921009,1494552177.4000759125, -1.1196, -0.0068, -0.2603, -5.7983, -2.8229, -4.0588
1494552177.4001460075,1494552177.4024250507, -1.1196, -0.0068, -0.2603, -5.6000, -3.0823, -3.9978
1494552177.4024949074,1494552177.4047760963, -1.1196, -0.0068, -0.2603, -5.6000, -3.0823, -3.9978
1494552177.4048449993,1494552177.4071259499, -1.1196, -0.0068, -0.2603, -5.6000, -3.0823, -3.9978
1494552177.4071960449,1494552177.4095630646, -1.1196, -0.0068, -0.2722, -5.6000, -3.0823, -3.9978
1494552177.4096350670,1494552177.4120340347, -1.1201,  0.0034, -0.2722, -5.6000, -3.0365, -4.4861
1494552177.4121050835,1494552177.4145100117, -1.1201,  0.0034, -0.2722, -5.4474, -3.0365, -4.4861
1494552177.4145801067,1494552177.4169878960, -1.1201,  0.0034, -0.2722, -5.4474, -3.0365, -4.4861
1494552177.4170579910,1494552177.4194750786, -1.1201,  0.0034, -0.2722, -5.4474, -3.0365, -4.4861
1494552177.4195449352,1494552177.4219489098, -1.1201,  0.0034, -0.2722, -5.4474, -3.0365, -4.6539
1494552177.4220190048,1494552177.4244229794, -1.1201,  0.0034, -0.2722, -5.5084, -2.6398, -4.6539
1494552177.4244930744,1494552177.4269011021, -1.1201,  0.0034, -0.2722, -5.5084, -2.6398, -4.6539
1494552177.4269709587,1494552177.4293830395, -1.1201,  0.0034, -0.2722, -5.5084, -2.6398, -4.6539
1494552177.4294528961,1494552177.4318599701, -1.1262,  0.0049, -0.2805, -5.5084, -2.6398, -4.6539
1494552177.4319300652,1494552177.4343369007, -1.1262,  0.0049, -0.2805, -5.7678, -2.8534, -5.2032
1494552177.4344079494,1494552177.4368150234, -1.1262,  0.0049, -0.2805, -5.7678, -2.8534, -5.2032
1494552177.4368839264,1494552177.4393000603, -1.1262,  0.0049, -0.2805, -5.7678, -2.8534, -5.2032
1494552177.4393699169,1494552177.4417750835, -1.1262,  0.0049, -0.2805, -5.7678, -2.8534, -5.2032
1494552177.4418439865,1494552177.4442501068, -1.1262,  0.0049, -0.2805, -6.0730, -2.8229, -5.5542
1494552177.4443199635,1494552177.4467220306, -1.1262,  0.0049, -0.2805, -6.0730, -2.8229, -5.5542
1494552177.4467930794,1494552177.4491529465, -1.1262,  0.0049, -0.2805, -6.0730, -2.8229, -5.5542
1494552177.4492230415,1494552177.4515109062, -1.1204, -0.0034, -0.2751, -6.0730, -2.8229, -5.5542
1494552177.4515800476,1494552177.4538569450, -1.1204, -0.0034, -0.2751, -6.0730, -2.8229, -5.6915
1494552177.4539260864,1494552177.4562048912, -1.1204, -0.0034, -0.2751, -6.2714, -2.8992, -5.6915
1494552177.4562740326,1494552177.4585850239, -1.1204, -0.0034, -0.2751, -6.2714, -2.8992, -5.6915
1494552177.4587609768,1494552177.4611690044, -1.1204, -0.0034, -0.2751, -6.2714, -2.8992, -5.6915
1494552177.4612390995,1494552177.4636418819, -1.1204, -0.0034, -0.2751, -6.2714, -2.8992, -5.6915
1494552177.4637119770,1494552177.4661190510, -1.1204, -0.0034, -0.2751, -5.9509, -3.0060, -5.7220
1494552177.4661900997,1494552177.4686050415, -1.1204, -0.0034, -0.2751, -5.9509, -3.0060, -5.7220
1494552177.4686748981,1494552177.4710791111, -1.1270, -0.0022, -0.2654, -5.9509, -3.0060, -5.7220
1494552177.4711489677,1494552177.4735550880, -1.1270, -0.0022, -0.2654, -5.9509, -3.0060, -5.7220
1494552177.4736258984,1494552177.4760279655, -1.1270, -0.0022, -0.2654, -5.4779, -2.5024, -5.4626
1494552177.4760980606,1494552177.4785149097, -1.1270, -0.0022, -0.2654, -5.4779, -2.5024, -5.4626
1494552177.4785850048,1494552177.4809861183, -1.1270, -0.0022, -0.2654, -5.4779, -2.5024, -5.4626
1494552177.4810569286,1494552177.4834659100, -1.1270, -0.0022, -0.2654, -5.4779, -2.5024, -5.4626
1494552177.4835360050,1494552177.4859390259, -1.1270, -0.0022, -0.2654, -5.4779, -3.0823, -6.2103
1494552177.4860088825,1494552177.4884579182, -1.1270, -0.0022, -0.2654, -5.4321, -3.0823, -6.2103
1494552177.4885280132,1494552177.4909300804, -1.1213, -0.0017, -0.2837, -5.4321, -3.0823, -6.2103
1494552177.4910008907,1494552177.4934101105, -1.1213, -0.0017, -0.2837, -5.4321, -3.0823, -6.2103
1494552177.4934809208,1494552177.4958848953, -1.1213, -0.0017, -0.2837, -5.4321, -3.0823, -6.6071
1494552177.4959559441,1494552177.4983689785, -1.1213, -0.0017, -0.2837, -5.1422, -2.8381, -6.6071
1494552177.4984390736,1494552177.5007209778, -1.1213, -0.0017, -0.2837, -5.1422, -2.8381, -6.6071
1494552177.5007910728,1494552177.5030710697, -1.1213, -0.0017, -0.2837, -5.1422, -2.8381, -6.6071
1494552177.5031409264,1494552177.5054240227, -1.1213, -0.0017, -0.2837, -5.1422, -2.8381, -6.6071
1494552177.5054941177,1494552177.5077700615, -1.1213, -0.0017, -0.2837, -5.0812, -2.7618, -6.4697
1494552177.5078399181,1494552177.5102739334, -1.1213,  0.0032, -0.2764, -5.0812, -2.7618, -6.4697
1494552177.5103440285,1494552177.5127549171, -1.1191,  0.0032, -0.2764, -5.0812, -2.7618, -6.4697
1494552177.5128250122,1494552177.5152299404, -1.1191,  0.0032, -0.2764, -5.0812, -2.7618, -6.4697
1494552177.5153000355,1494552177.5177080631, -1.1191,  0.0032, -0.2764, -5.0812, -2.8381, -6.7444
1494552177.5177779198,1494552177.5202031136, -1.1191,  0.0032, -0.2764, -5.1880, -2.8381, -6.7444
1494552177.5202739239,1494552177.5226829052, -1.1191,  0.0032, -0.2764, -5.1880, -2.8381, -6.7444
1494552177.5227520466,1494552177.5251650810, -1.1191,  0.0032, -0.2764, -5.1880, -2.8381, -6.7444
1494552177.5252349377,1494552177.5276420116, -1.1191,  0.0032, -0.2764, -5.1880, -2.8381, -7.0801
1494552177.5277121067,1494552177.5301299095, -1.1191, -0.0593, -0.2620, -5.5695, -2.7161, -7.0801
1494552177.5302000046,1494552177.5326080322, -1.1235, -0.0146, -0.2620, -5.5695, -2.7161, -7.0801
1494552177.5326778889,1494552177.5350849628, -1.1235, -0.0146, -0.2620, -5.5695, -2.7161, -7.0801
1494552177.5351550579,1494552177.5375649929, -1.1235, -0.0146, -0.2620, -5.5695, -2.7161, -7.0801
1494552177.5376338959,1494552177.5400021076, -1.1235, -0.0146, -0.2620, -5.0201, -2.5787, -6.8970
1494552177.5400729179,1494552177.5423541069, -1.1235, -0.0146, -0.2620, -5.0201, -2.5787, -6.8970
1494552177.5424220562,1494552177.5447061062, -1.1235, -0.0146, -0.2620, -5.0201, -2.5787, -6.8970
1494552177.5447750092,1494552177.5470540524, -1.1235, -0.0146, -0.2620, -5.0201, -2.5787, -6.8970
1494552177.5471239090,1494552177.5494480133, -1.1235, -0.0146, -0.2620, -5.0201, -2.8229, -6.3629
1494552177.5495169163,1494552177.5517990589, -1.1245, -0.0142, -0.2778, -4.6539, -2.8229, -6.3629
1494552177.5518679619,1494552177.5541450977, -1.1245, -0.0142, -0.2778, -4.6539, -2.8229, -6.3629
1494552177.5542130470,1494552177.5564920902, -1.1245, -0.0142, -0.2778, -4.6539, -2.8229, -6.3629
1494552177.5565609932,1494552177.5589160919, -1.1245, -0.0142, -0.2778, -4.6539, -2.8229, -6.3629
1494552177.558